maq;maquina,estrutura,largura1,largura2,largura3,gramatura_min,gramatura_max,ativa
1;01,CM,2.1,2.2,2.3,160.0,560.0,True
1;01,NV,2.1,0.0,0.0,200.0,440.0,False
1;01,NV,2.2,2.3,0.0,220.0,500.0,False
1;01,XN,2.2,2.3,0.0,160.0,460.0,True
2;02,CM,2.2,2.3,0.0,280.0,320.0,true
2;02,NV,2.1,0.0,0.0,350.0,700.0,False
2;02,NV,2.2,2.3,2.25,220.0,700.0,False
2;02,PL,2.1,2.2,0.0,160.0,180.0,True
2;02,XN,2.2,2.3,0.0,160.0,460.0,False
3;03,CM,2.1,2.2,2.3,160.0,480.0,True
3;03,NV,2.1,0.0,0.0,200.0,440.0,True
3;03,NV,2.2,2.3,0.0,220.0,700.0,False
3;03,XN,2.2,2.3,0.0,160.0,480.0,True
4;04,CM,2.1,2.2,2.3,160.0,320.0,True
4;04,XN,2.2,2.3,0.0,160.0,320.0,True
5;05,CM,2.1,2.2,2.3,160.0,480.0,True
5;05,NV,2.1,0.0,0.0,350.0,700.0,True
5;05,NV,2.2,2.3,0.0,220.0,700.0,True
5;05,XN,2.2,2.3,0.0,160.0,480.0,True
6;06,CM,2.1,2.2,2.3,160.0,580.0,True
6;06,NV,2.1,0.0,0.0,260.0,700.0,True
6;06,NV,2.2,2.3,0.0,220.0,700.0,True
6;06,XN,2.2,2.3,0.0,160.0,480.0,True
7;07,CM,2.1,2.2,0.0,160.0,320.0,True
7;07,PL,2.1,2.2,0.0,160.0,220.0,True
7;07,XN,2.1,2.2,0.0,160.0,320.0,True
8;08,CM,2.1,2.2,2.3,160.0,320.0,True
8;08,XN,2.2,2.3,0.0,160.0,320.0,True
9;09,PL,2.1,0.0,0.0,160.0,220.0,True
10;10,CM,2.1,2.2,0.0,160.0,320.0,True
10;10,PL,2.1,2.2,0.0,160.0,220.0,True
10;10,XN,2.1,2.2,0.0,160.0,320.0,True
11;11,CM,2.1,0.0,0.0,160.0,240.0,False
11;11,PL,2.1,0.0,0.0,160.0,200.0,False
12;12,CF,2.1,0.0,0.0,160.0,240.0,True
12;12,CM,2.1,0.0,0.0,160.0,320.0,True
12;12,NV,2.1,0.0,0.0,240.0,320.0,True
12;12,PL,2.1,0.0,0.0,160.0,240.0,True
12;12,XN,2.1,0.0,0.0,160.0,320.0,True
16;16,CF,2.1,0.0,0.0,160.0,220.0,True
16;16,CM,2.1,2.2,0.0,160.0,260.0,True
16;16,PL,2.1,0.0,0.0,160.0,220.0,True
17;17,CF,2.1,0.0,0.0,160.0,240.0,True
17;17,CM,2.1,0.0,0.0,160.0,320.0,True
17;17,NV,2.1,0.0,0.0,220.0,320.0,True
17;17,PL,2.1,0.0,0.0,160.0,240.0,True
17;17,XN,2.1,0.0,0.0,160.0,320.0,True
22;22,CF,2.1,0.0,0.0,160.0,220.0,True
22;22,CM,2.1,0.0,0.0,160.0,320.0,True
22;22,NV,2.1,0.0,0.0,220.0,320.0,True
22;22,PL,2.1,0.0,0.0,160.0,220.0,True
22;22,XN,2.1,0.0,0.0,160.0,320.0,True
23;23,CF,2.1,0.0,0.0,160.0,240.0,True
23;23,CM,2.1,0.0,0.0,160.0,320.0,True
23;23,NV,2.1,0.0,0.0,240.0,320.0,True
23;23,PL,2.1,0.0,0.0,160.0,240.0,True
23;23,XN,2.1,0.0,0.0,160.0,320.0,True
25;25,CF,2.1,0.0,0.0,160.0,240.0,True
25;25,CM,2.1,0.0,0.0,160.0,320.0,True
25;25,NV,2.1,0.0,0.0,240.0,320.0,True
25;25,PL,2.1,0.0,0.0,160.0,240.0,True
25;25,XN,2.1,0.0,0.0,160.0,320.0,True
40;40,CF,2.1,2.2,2.3,160.0,360.0,True
40;40,CM,2.1,0.0,0.0,350.0,700.0,False
40;40,CM,2.2,2.3,2.4,160.0,700.0,False
40;40,PL,2.1,2.2,2.3,160.0,360.0,True
40;40,XN,2.2,2.3,2.4,160.0,700.0,False
40;40,XP,2.1,2.15,0.0,350.0,600.0,False
40;40,XP,2.2,2.3,2.4,240.0,600.0,False
41;41,CF,2.1,2.2,2.3,160.0,360.0,True
41;41,CM,2.1,0.0,0.0,240.0,500.0,True
41;41,CM,2.2,2.3,2.4,160.0,700.0,True
41;41,PL,2.1,2.2,2.3,160.0,360.0,True
41;41,XN,2.2,2.3,2.4,160.0,700.0,True
41;41,XP,2.1,2.15,0.0,350.0,600.0,True
41;41,XP,2.2,2.3,2.4,240.0,600.0,True
43;43,CM,2.1,2.2,0.0,160.0,320.0,True
43;43,PL,2.1,2.2,0.0,160.0,220.0,True
43;43,XN,2.1,2.2,0.0,160.0,320.0,True
44;44,CF,2.1,2.2,2.3,160.0,360.0,True
44;44,CM,2.1,0.0,0.0,350.0,700.0,True
44;44,CM,2.2,2.3,2.4,160.0,700.0,True
44;44,PL,2.1,2.2,2.3,160.0,360.0,True
44;44,XN,2.2,2.3,2.4,160.0,700.0,True
44;44,XP,2.1,2.15,0.0,350.0,600.0,False
44;44,XP,2.2,2.3,2.4,240.0,600.0,False
45;45,CF,2.1,2.2,0.0,160.0,240.0,True
45;45,CM,2.1,2.2,0.0,160.0,240.0,False
45;45,PL,2.1,2.2,0.0,160.0,240.0,True
46;46,CM,2.1,2.2,0.0,160.0,320.0,True
46;46,PL,2.1,2.2,0.0,160.0,220.0,True
46;46,XN,2.1,2.2,0.0,160.0,320.0,True
47;47,CM,2.1,2.2,0.0,160.0,320.0,True
47;47,PL,2.1,2.2,0.0,160.0,220.0,True
47;47,XN,2.1,2.2,0.0,160.0,320.0,True
48;48,CM,2.2,2.3,0.0,160.0,440.0,True
48;48,NV,2.2,2.3,0.0,220.0,440.0,True
48;48,XN,2.2,2.3,0.0,160.0,440.0,True
49;49,CM,2.1,2.2,0.0,160.0,320.0,True
49;49,PL,2.1,2.2,0.0,160.0,220.0,True
49;49,XN,2.1,2.2,0.0,160.0,320.0,True
50;50,CM,2.1,2.2,0.0,160.0,320.0,True
50;50,PL,2.1,2.2,0.0,160.0,220.0,True
50;50,XN,2.1,2.2,0.0,160.0,320.0,True
51;51,CF,2.1,2.2,2.3,160.0,360.0,False
51;51,CM,2.1,0.0,0.0,350.0,700.0,True
51;51,CM,2.2,2.3,2.4,160.0,700.0,True
51;51,PL,2.1,2.2,2.3,160.0,360.0,False
51;51,XN,2.2,2.3,2.4,160.0,700.0,True
51;51,XP,2.1,2.15,0.0,350.0,600.0,True
51;51,XP,2.2,2.3,2.4,240.0,600.0,True
52;52,CF,2.1,2.2,2.3,160.0,360.0,False
52;52,CM,2.1,0.0,0.0,350.0,700.0,True
52;52,CM,2.2,2.3,2.4,160.0,700.0,True
52;52,PL,2.1,2.2,2.3,160.0,360.0,False
52;52,XN,2.2,2.3,2.4,160.0,700.0,True
52;52,XP,2.1,2.15,0.0,350.0,600.0,True
52;52,XP,2.2,2.3,2.4,240.0,600.0,True
53;53,CF,2.1,2.2,2.3,160.0,360.0,False
53;53,CM,2.1,0.0,0.0,350.0,700.0,True
53;53,CM,2.2,2.3,2.4,160.0,700.0,True
53;53,PL,2.1,2.2,2.3,160.0,360.0,False
53;53,XN,2.2,2.3,2.4,160.0,700.0,True
53;53,XP,2.1,2.15,0.0,350.0,600.0,True
53;53,XP,2.2,2.3,2.4,240.0,600.0,True
54;54,CM,2.1,2.2,0.0,160.0,320.0,True
54;54,PL,2.1,2.2,0.0,160.0,220.0,True
54;54,XN,2.1,2.2,0.0,160.0,320.0,True
55;55,CM,2.1,2.2,0.0,160.0,320.0,True
55;55,PL,2.1,2.2,0.0,160.0,220.0,True
55;55,XN,2.1,2.2,0.0,160.0,320.0,True
